{"cameraMode":{"drawMode":0,"name":"Shaded","section":"Shading Mode"},"sceneLighting":false,"audioPlay":false,"sceneViewState":{"m_AlwaysRefresh":false,"showFog":true,"showSkybox":false,"showFlares":true,"showImageEffects":true,"showParticleSystems":true,"showVisualEffectGraphs":true,"m_FxEnabled":true},"in2DMode":false,"pivot":{"x":-2.1279335021972658,"y":59.83205795288086,"z":-3.5779495239257814},"rotation":{"x":0.017610371112823488,"y":-0.8593543171882629,"z":0.02965964935719967,"w":0.5102245807647705},"size":113.63529968261719,"orthographic":true}