{"cameraMode":{"drawMode":0,"name":"Shaded","section":"Shading Mode"},"sceneLighting":false,"audioPlay":false,"sceneViewState":{"m_AlwaysRefresh":false,"showFog":true,"showSkybox":false,"showFlares":true,"showImageEffects":true,"showParticleSystems":true,"showVisualEffectGraphs":true,"m_FxEnabled":true},"in2DMode":false,"pivot":{"x":-0.0000095367431640625,"y":12.787151336669922,"z":0.0000019073486328125},"rotation":{"x":-0.0059637827798724178,"y":-0.10927027463912964,"z":0.0006577074527740479,"w":-0.9940024018287659},"size":34.212242126464847,"orthographic":false}